tsan	1	a	main	healthS=9	gone=0	alive_end=yes	graceful=yes	sanfiles=1	warnings=1	output_named=0	valid=yes	pending_fired=na	autopilot_advances=na	tuple_adopts=na
tsan	2	a	lane	healthS=2	gone=0	alive_end=yes	graceful=yes	sanfiles=0	warnings=0	output_named=0	valid=yes	pending_fired=na	autopilot_advances=na	tuple_adopts=na
tsan	3	b	main	healthS=2	gone=0	alive_end=yes	graceful=yes	sanfiles=1	warnings=6	output_named=0	valid=yes	pending_fired=na	autopilot_advances=na	tuple_adopts=na
tsan	4	b	lane	healthS=1	gone=0	alive_end=yes	graceful=yes	sanfiles=0	warnings=0	output_named=0	valid=yes	pending_fired=0	autopilot_advances=0	tuple_adopts=0
tsan	5	c	main	healthS=2	gone=0	alive_end=yes	graceful=yes	sanfiles=1	warnings=23	output_named=0	valid=yes	pending_fired=na	autopilot_advances=na	tuple_adopts=na
tsan	6	c	lane	healthS=2	gone=0	alive_end=yes	graceful=yes	sanfiles=0	warnings=0	output_named=0	valid=yes	pending_fired=0	autopilot_advances=0	tuple_adopts=0
tsan	7	d	main	healthS=3	gone=0	alive_end=yes	graceful=yes	sanfiles=1	warnings=57	output_named=0	valid=yes	pending_fired=na	autopilot_advances=na	tuple_adopts=na
tsan	8	d	lane	healthS=2	gone=0	alive_end=yes	graceful=yes	sanfiles=0	warnings=0	output_named=0	valid=yes	pending_fired=1	autopilot_advances=26	tuple_adopts=0
tsan	9	a	main	healthS=2	gone=0	alive_end=yes	graceful=yes	sanfiles=1	warnings=1	output_named=0	valid=yes	pending_fired=na	autopilot_advances=na	tuple_adopts=na
tsan	10	a	lane	healthS=1	gone=0	alive_end=yes	graceful=yes	sanfiles=0	warnings=0	output_named=0	valid=yes	pending_fired=na	autopilot_advances=na	tuple_adopts=na
tsan	11	b	main	healthS=2	gone=0	alive_end=yes	graceful=yes	sanfiles=1	warnings=10	output_named=0	valid=yes	pending_fired=na	autopilot_advances=na	tuple_adopts=na
tsan	12	b	lane	healthS=1	gone=0	alive_end=yes	graceful=yes	sanfiles=0	warnings=0	output_named=0	valid=yes	pending_fired=0	autopilot_advances=0	tuple_adopts=0
tsan	13	c	main	healthS=2	gone=0	alive_end=yes	graceful=yes	sanfiles=1	warnings=21	output_named=0	valid=yes	pending_fired=na	autopilot_advances=na	tuple_adopts=na
tsan	14	c	lane	healthS=2	gone=0	alive_end=yes	graceful=yes	sanfiles=0	warnings=0	output_named=0	valid=yes	pending_fired=0	autopilot_advances=0	tuple_adopts=0
tsan	15	d	main	healthS=3	gone=0	alive_end=yes	graceful=yes	sanfiles=1	warnings=47	output_named=0	valid=yes	pending_fired=na	autopilot_advances=na	tuple_adopts=na
tsan	16	d	lane	healthS=1	gone=0	alive_end=yes	graceful=yes	sanfiles=0	warnings=0	output_named=0	valid=yes	pending_fired=1	autopilot_advances=26	tuple_adopts=0
tsan	17	a	main	healthS=2	gone=0	alive_end=yes	graceful=yes	sanfiles=1	warnings=1	output_named=0	valid=yes	pending_fired=na	autopilot_advances=na	tuple_adopts=na
tsan	18	a	lane	healthS=1	gone=0	alive_end=yes	graceful=yes	sanfiles=0	warnings=0	output_named=0	valid=yes	pending_fired=na	autopilot_advances=na	tuple_adopts=na
tsan	19	b	main	healthS=2	gone=0	alive_end=yes	graceful=yes	sanfiles=1	warnings=4	output_named=0	valid=yes	pending_fired=na	autopilot_advances=na	tuple_adopts=na
tsan	20	b	lane	healthS=1	gone=0	alive_end=yes	graceful=yes	sanfiles=0	warnings=0	output_named=0	valid=yes	pending_fired=0	autopilot_advances=0	tuple_adopts=0
tsan	21	c	main	healthS=2	gone=0	alive_end=yes	graceful=yes	sanfiles=1	warnings=19	output_named=0	valid=yes	pending_fired=na	autopilot_advances=na	tuple_adopts=na
tsan	22	c	lane	healthS=1	gone=0	alive_end=yes	graceful=yes	sanfiles=0	warnings=0	output_named=0	valid=yes	pending_fired=0	autopilot_advances=0	tuple_adopts=0
tsan	23	d	main	healthS=2	gone=0	alive_end=yes	graceful=yes	sanfiles=1	warnings=55	output_named=0	valid=yes	pending_fired=na	autopilot_advances=na	tuple_adopts=na
tsan	24	d	lane	healthS=1	gone=0	alive_end=yes	graceful=yes	sanfiles=0	warnings=0	output_named=0	valid=yes	pending_fired=1	autopilot_advances=26	tuple_adopts=0
tsan	25	e	main	healthS=2	gone=0	alive_end=yes	graceful=yes	sanfiles=1	warnings=21	output_named=0	valid=yes	pending_fired=na	autopilot_advances=na	tuple_adopts=na
tsan	26	e	lane	healthS=1	gone=0	alive_end=yes	graceful=yes	sanfiles=1	warnings=4	output_named=0	valid=yes	pending_fired=1	autopilot_advances=9	tuple_adopts=0
tsan	27	e	main	healthS=3	gone=0	alive_end=yes	graceful=yes	sanfiles=1	warnings=25	output_named=0	valid=yes	pending_fired=na	autopilot_advances=na	tuple_adopts=na
tsan	28	e	lane	healthS=1	gone=0	alive_end=yes	graceful=yes	sanfiles=1	warnings=4	output_named=0	valid=yes	pending_fired=2	autopilot_advances=14	tuple_adopts=0
tsan	29	d	main	healthS=2	gone=0	alive_end=yes	graceful=yes	sanfiles=1	warnings=54	output_named=0	valid=yes	pending_fired=na	autopilot_advances=na	tuple_adopts=na
tsan	30	d	main	healthS=2	gone=0	alive_end=yes	graceful=yes	sanfiles=1	warnings=50	output_named=0	valid=yes	pending_fired=na	autopilot_advances=na	tuple_adopts=na
tsan	31	d	main	healthS=2	gone=0	alive_end=yes	graceful=yes	sanfiles=1	warnings=49	output_named=0	valid=yes	pending_fired=na	autopilot_advances=na	tuple_adopts=na
