1 A DATA u8_reverse_column_1080x4 cap_mb=256 uploads_per_s=112.4 per_player_min=28.0 per_player=28.0,28.0,28.2,28.2 late=120 hold_no_texture=0 pending=0 bytes_mb=249.4 frames=84 active=4 over_budget=0 cap_bytes_mb=64.0 decoded_per_upload=12.48 fps=118.13417053222656 footprint_delta_mb=-17.1 evictions=552
1 B DATA u8_reverse_column_1080x4 cap_mb=256 uploads_per_s=120.8 per_player_min=30.2 per_player=30.2,30.2,30.2,30.2 late=0 hold_no_texture=0 pending=0 bytes_mb=249.4 frames=84 active=4 over_budget=0 cap_bytes_mb=64.0 decoded_per_upload=10.89 fps=119.013427734375 footprint_delta_mb=1.9 evictions=599
2 A DATA u8_reverse_column_1080x4 cap_mb=256 uploads_per_s=113.6 per_player_min=28.4 per_player=28.4,28.4,28.4,28.4 late=94 hold_no_texture=0 pending=0 bytes_mb=249.4 frames=84 active=4 over_budget=0 cap_bytes_mb=64.0 decoded_per_upload=12.25 fps=117.59845733642578 footprint_delta_mb=-40.9 evictions=557
2 B DATA u8_reverse_column_1080x4 cap_mb=256 uploads_per_s=120.8 per_player_min=30.2 per_player=30.2,30.2,30.2,30.2 late=0 hold_no_texture=0 pending=0 bytes_mb=249.4 frames=84 active=4 over_budget=0 cap_bytes_mb=64.0 decoded_per_upload=10.97 fps=118.66136932373047 footprint_delta_mb=-5.9 evictions=606
3 A DATA u8_reverse_column_1080x4 cap_mb=256 uploads_per_s=116.0 per_player_min=29.0 per_player=29.0,29.0,29.0,29.0 late=82 hold_no_texture=0 pending=0 bytes_mb=249.4 frames=84 active=4 over_budget=0 cap_bytes_mb=64.0 decoded_per_upload=12.17 fps=118.99630737304688 footprint_delta_mb=-40.3 evictions=557
3 B DATA u8_reverse_column_1080x4 cap_mb=256 uploads_per_s=122.0 per_player_min=30.4 per_player=30.4,30.4,30.6,30.6 late=0 hold_no_texture=0 pending=0 bytes_mb=249.4 frames=84 active=4 over_budget=0 cap_bytes_mb=64.0 decoded_per_upload=10.87 fps=119.98712921142578 footprint_delta_mb=-14.2 evictions=594
4 A DATA u8_reverse_column_1080x4 cap_mb=256 uploads_per_s=114.8 per_player_min=28.6 per_player=28.6,28.6,28.8,28.8 late=100 hold_no_texture=0 pending=0 bytes_mb=249.4 frames=84 active=4 over_budget=0 cap_bytes_mb=64.0 decoded_per_upload=12.13 fps=119.98783111572266 footprint_delta_mb=-17.7 evictions=560
4 B DATA u8_reverse_column_1080x4 cap_mb=256 uploads_per_s=120.8 per_player_min=30.2 per_player=30.2,30.2,30.2,30.2 late=0 hold_no_texture=0 pending=0 bytes_mb=249.4 frames=84 active=4 over_budget=0 cap_bytes_mb=64.0 decoded_per_upload=11.01 fps=119.99842834472656 footprint_delta_mb=-5.9 evictions=595
5 A DATA u8_reverse_column_1080x4 cap_mb=256 uploads_per_s=114.2 per_player_min=28.4 per_player=28.4,28.6,28.6,28.6 late=100 hold_no_texture=0 pending=0 bytes_mb=249.4 frames=84 active=4 over_budget=0 cap_bytes_mb=64.0 decoded_per_upload=12.31 fps=118.99671173095703 footprint_delta_mb=-8.1 evictions=555
5 B DATA u8_reverse_column_1080x4 cap_mb=256 uploads_per_s=121.6 per_player_min=30.4 per_player=30.4,30.4,30.4,30.4 late=0 hold_no_texture=0 pending=0 bytes_mb=249.4 frames=84 active=4 over_budget=0 cap_bytes_mb=64.0 decoded_per_upload=10.92 fps=119.82099914550781 footprint_delta_mb=-5.2 evictions=599
